id_number,full_name,email,address
500-49-9464,Giraldo Packer,gpacker0@t-online.de,015 Arapahoe Point
327-45-7214,Philis Keller,pkeller1@drupal.org,301 Rigney Plaza
433-31-4287,Peyton Shelford,pshelford2@google.com.hk,2 Farragut Street
706-78-2980,Rube Rediers,rrediers3@last.fm,59723 Transport Way
695-72-9469,Regina Hogben,rhogben4@umich.edu,12229 Shasta Point
606-09-3693,Annabelle Rennox,arennox5@time.com,5558 Arizona Pass
848-90-1803,Feliks Alebrooke,falebrooke6@friendfeed.com,34091 Randy Avenue
352-67-7566,Zacherie Davidavidovics,zdavidavidovics7@fastcompany.com,3868 Summer Ridge Circle
596-70-7948,Wain Tuxill,wtuxill8@state.tx.us,13 Forest Place
546-82-3808,Twyla Thaim,tthaim9@newsvine.com,19 Kings Court
894-18-1252,Prinz Sines,psinesa@reference.com,3 Blackbird Pass
471-62-1398,Jesse Bail,jbailb@ca.gov,383 8th Place
874-86-5130,Dorie Cloake,dcloakec@ycombinator.com,393 Kropf Road
260-47-5453,Donaugh Woolpert,dwoolpertd@ow.ly,80 Independence Circle
689-95-6856,Sharla Windybank,swindybanke@topsy.com,724 Hoffman Alley
825-70-8831,Sheffie Reisenstein,sreisensteinf@irs.gov,9 Gateway Alley
889-92-7088,Kora Bruggeman,kbruggemang@is.gd,7106 Shoshone Crossing
579-59-0714,Ashton Alliberton,aallibertonh@discuz.net,2024 Katie Avenue
678-71-8846,Claiborn Brinkley,cbrinkleyi@joomla.org,44282 Victoria Court
868-84-9922,Clem Haselgrove,chaselgrovej@wikimedia.org,187 Arkansas Point
723-48-4271,April Hiseman,ahisemank@bbb.org,0977 Dakota Road
639-78-1021,Lorrie Winkle,lwinklel@barnesandnoble.com,1764 Sundown Circle
214-46-5304,Mateo Barrell,mbarrellm@icq.com,60677 Farmco Place
450-45-8026,Culver Buesnel,cbuesneln@furl.net,23421 Kipling Alley
528-53-2939,Shani Hargate,shargateo@admin.ch,902 Birchwood Court
435-41-6542,Karol Woodwing,kwoodwingp@nih.gov,738 Raven Hill
223-26-9157,Maison Lankester,mlankesterq@dion.ne.jp,4041 Meadow Vale Junction
169-04-5186,Edvard Mordaunt,emordauntr@accuweather.com,2005 Mandrake Alley
377-49-2181,Roddie Leakner,rleakners@e-recht24.de,51 Declaration Way
424-81-0361,Shay Sheaber,ssheabert@apple.com,31 Monument Terrace
673-35-4620,Hieronymus Nelthorp,hnelthorpu@columbia.edu,096 Stephen Street
312-68-2693,Jethro Tripet,jtripetv@arizona.edu,380 Butterfield Junction
143-47-2106,Lexi Colquitt,lcolquittw@cdbaby.com,56384 Debs Crossing
720-76-0994,Rycca Parres,rparresx@artisteer.com,92367 Northwestern Drive
352-81-9134,Hubie Gasticke,hgastickey@sfgate.com,12682 Rowland Drive
614-49-1031,Georges Pharrow,gpharrowz@harvard.edu,649 Walton Place
508-96-7215,Engracia Parham,eparham10@admin.ch,05838 Haas Parkway
500-36-8426,Ellwood Halbeard,ehalbeard11@meetup.com,5 Surrey Street
761-01-9438,Delly Surgison,dsurgison12@epa.gov,278 Banding Point
728-66-8974,Ellery Rubbert,erubbert13@sphinn.com,45941 Sunfield Junction
309-28-4596,Garrett Ludee,gludee14@ow.ly,9904 Prairieview Way
514-58-8716,Pablo Templman,ptemplman15@nationalgeographic.com,64564 Sycamore Alley
540-37-7967,Brade Debill,bdebill16@blogs.com,435 Homewood Street
680-08-3003,Binnie Shakesby,bshakesby17@miitbeian.gov.cn,4 Continental Plaza
324-95-5034,Edee Girauld,egirauld18@e-recht24.de,29 Hallows Center
263-40-8465,Willy Butterly,wbutterly19@acquirethisname.com,53328 Golf Trail
514-29-9972,Boone Perrott,bperrott1a@disqus.com,23364 Declaration Court
600-01-0196,Feliks Brownbridge,fbrownbridge1b@elpais.com,3448 Eliot Place
704-28-8856,Lia Lindback,llindback1c@barnesandnoble.com,74311 Dexter Park
617-68-1607,Lauren Dradey,ldradey1d@addthis.com,12207 Anhalt Place
270-04-7499,Hana Brixey,hbrixey1e@pbs.org,1 Aberg Hill
686-13-7672,Chrystel Andreini,candreini1f@360.cn,47563 Lotheville Way
827-24-7443,Othello Aish,oaish1g@pen.io,13548 Bunting Place
480-23-5123,Sunshine Atte-Stone,sattestone1h@illinois.edu,88315 8th Park
102-09-9743,Inglis Zuenelli,izuenelli1i@europa.eu,0196 Artisan Trail
620-84-6986,Shae Craighill,scraighill1j@artisteer.com,415 Swallow Road
580-72-5925,Janey Lorne,jlorne1k@un.org,0 Division Hill
521-28-3364,Filip Lordon,flordon1l@uiuc.edu,51691 Rieder Drive
790-44-1380,Ondrea Novakovic,onovakovic1m@accuweather.com,7266 Fairfield Alley
847-87-1728,Konrad Luce,kluce1n@mapquest.com,41199 Dexter Park
781-45-9172,Bartolemo Lang,blang1o@msn.com,63 Artisan Center
166-71-7744,Rickie Courtonne,rcourtonne1p@mayoclinic.com,40 Nobel Street
530-35-6894,Liesa Shutler,lshutler1q@multiply.com,790 Graedel Place
261-65-4450,Bellanca Hassall,bhassall1r@acquirethisname.com,10 Logan Trail
575-60-3727,Shela Flintuff,sflintuff1s@dot.gov,9464 Lighthouse Bay Drive
409-08-8828,Roberta Pigne,rpigne1t@sbwire.com,9368 Katie Court
233-48-9762,Tova Spendlove,tspendlove1u@businessinsider.com,625 Superior Circle
435-72-1965,Lowe Costelloe,lcostelloe1v@archive.org,2381 Golden Leaf Avenue
422-79-6586,Mendie Ruane,mruane1w@com.com,9250 Mitchell Terrace
656-99-0726,Randie Hurt,rhurt1x@flavors.me,961 Quincy Street
164-98-9080,Davin Buttel,dbuttel1y@mtv.com,6201 Brickson Park Road
596-29-6175,Candace Bukac,cbukac1z@yelp.com,9 Novick Avenue
477-27-0665,Lombard Fierman,lfierman20@google.com.br,60 Forest Dale Court
286-65-9771,Zachery Spottiswoode,zspottiswoode21@123-reg.co.uk,4 Hoffman Park
623-22-3586,Gwenora Pounder,gpounder22@elegantthemes.com,7 Marcy Alley
679-31-8388,Cosette Grindle,cgrindle23@fema.gov,3 7th Center
831-30-0409,Carolin Shills,cshills24@ca.gov,7967 Barby Court
782-14-6166,Joshua Evason,jevason25@friendfeed.com,4 Schlimgen Plaza
602-22-3674,Sigismondo Brumbye,sbrumbye26@xinhuanet.com,194 Blaine Court
761-38-6007,Gary Latus,glatus27@t.co,387 Dunning Park
703-61-5310,Slade Downs,sdowns28@storify.com,3 Mifflin Place
690-23-0187,Lucy Kuhlmey,lkuhlmey29@uol.com.br,1223 Fairfield Court
302-48-6471,Mitchael Angeli,mangeli2a@dot.gov,3 Lukken Road
582-03-5020,Flory Heiden,fheiden2b@mit.edu,5 Sullivan Circle
749-54-6246,Brynne Scorer,bscorer2c@soup.io,4382 Toban Drive
501-02-9886,Yves Arenson,yarenson2d@sciencedirect.com,152 Buell Plaza
766-78-7594,Domenico Syrie,dsyrie2e@who.int,03625 Homewood Place
850-01-5717,Emera Apdell,eapdell2f@sogou.com,542 Lien Trail
876-22-7992,Buckie Hansford,bhansford2g@china.com.cn,2221 Grim Drive
894-94-5459,Esme Paszak,epaszak2h@miitbeian.gov.cn,97883 Debs Drive
129-71-9361,Ashli Tomankiewicz,atomankiewicz2i@kickstarter.com,93082 Schmedeman Court
854-15-4451,Colver Arnauduc,carnauduc2j@163.com,3490 Logan Street
233-98-0826,Judas Grinaway,jgrinaway2k@usnews.com,1128 Lakewood Trail
774-33-1838,Lebbie Cutchie,lcutchie2l@yahoo.com,5 Huxley Circle
306-14-0795,Margarette Warlock,mwarlock2m@earthlink.net,08595 Maywood Plaza
863-11-7663,Nisse Scurr,nscurr2n@dyndns.org,5078 Kings Park
791-96-8568,Marchall De Brett,mde2o@prnewswire.com,83349 Eagle Crest Lane
662-96-8700,Britt Treverton,btreverton2p@simplemachines.org,0 Lerdahl Drive
670-54-2863,Aksel Endacott,aendacott2q@gizmodo.com,282 Dakota Place
782-33-1381,Chery Pennings,cpennings2r@ucoz.com,10 Jay Terrace
