customer_id,is_member,member_card_number,customer_name,phone,email
2001,true,MBR-943412,Cortney Hebbes,6711911318,chebbes0@twitpic.com
2002,true,MBR-340908,Noni Jeanet,1655482695,njeanet1@reverbnation.com
2003,true,MBR-321369,Kaja Dolling,5413907105,kdolling2@free.fr
2004,true,MBR-488166,Dolli McDowall,,dmcdowall3@sina.com.cn
2005,true,MBR-288623,Charlean Alpine,,calpine4@mail.ru
2006,true,MBR-616414,Garrot Sayburn,,gsayburn5@nsw.gov.au
2007,true,MBR-145631,Berkeley Dundridge,2983806946,bdundridge6@homestead.com
2008,true,MBR-794227,Alvera MacCaghan,,amaccaghan7@paypal.com
2009,true,MBR-966764,Nickie Daspar,8434053619,ndaspar8@goo.ne.jp
2010,true,MBR-348217,Wallie Scotford,6576628461,wscotford9@businessweek.com
2011,true,MBR-946558,Gae Karpets,8277379069,gkarpetsa@ovh.net
2012,true,MBR-383324,Didi Bradock,5908122683,dbradockb@xing.com
2013,true,MBR-201867,Fan Zouch,,fzouchc@huffingtonpost.com
2014,true,MBR-780927,Rutherford Keri,2038412403,rkerid@sitemeter.com
2015,true,MBR-273872,Jenny Jecock,6291339568,jjecocke@wikimedia.org
2016,true,MBR-466086,Farris Tweedle,8195661112,ftweedlef@narod.ru
2017,true,MBR-603717,Ginger Dougher,,gdougherg@rakuten.co.jp
2018,true,MBR-211986,Thekla Jandac,9735104032,tjandach@guardian.co.uk
2019,true,MBR-880715,Di Lowell,4412565668,dlowelli@typepad.com
2020,true,MBR-332218,Cirillo Gleder,8181086315,cglederj@irs.gov
2021,true,MBR-781894,Hobart Antliff,2492548207,hantliffk@ox.ac.uk
2022,true,MBR-729970,Auguste Kenninghan,,akenninghanl@bizjournals.com
2023,true,MBR-214060,Dewain Tidcomb,,dtidcombm@so-net.ne.jp
2024,true,MBR-137463,Philly Doig,6801362287,pdoign@123-reg.co.uk
2025,true,MBR-663731,Valeria Oldcroft,,voldcrofto@walmart.com
2026,true,MBR-278518,Amara Edscer,,aedscerp@earthlink.net
2027,true,MBR-947232,Mayer Mougel,,mmougelq@163.com
2028,true,MBR-755708,Cynde Brome,9918899452,cbromer@rediff.com
2029,true,MBR-969483,Weylin Vassbender,1014063392,wvassbenders@mediafire.com
2030,true,MBR-519442,Reinald Spinola,,rspinolat@addthis.com
2031,true,MBR-416278,Isa Ferrarin,,iferrarinu@ovh.net
2032,true,MBR-267198,Shelly Boyet,,sboyetv@fda.gov
2033,true,MBR-696330,Lilas Throssell,4447577974,lthrossellw@yandex.ru
2034,true,MBR-431876,Sib Subhan,,ssubhanx@networkadvertising.org
2035,true,MBR-867174,Jeromy Rapo,9859850325,jrapoy@wired.com
2036,true,MBR-359942,Dwain Quade,,dquadez@independent.co.uk
2037,true,MBR-540788,Georgeta Newe,,gnewe10@gmpg.org
2038,true,MBR-406390,Josie McKniely,8419223977,jmckniely11@cam.ac.uk
2039,true,MBR-599532,Mycah Gravet,2028708629,mgravet12@wikipedia.org
2040,true,MBR-098423,Hy Goley,1388485213,hgoley13@diigo.com
2041,true,MBR-180761,Lelah Bellocht,3039930074,lbellocht14@twitter.com
2042,true,MBR-585000,Jordain Kinastan,,jkinastan15@instagram.com
2043,true,MBR-016276,Mattie Cowthart,6774363021,mcowthart16@auda.org.au
2044,true,MBR-913169,Fabiano Lowmass,2706609397,flowmass17@pagesperso-orange.fr
2045,true,MBR-255368,Zelda Denny,,zdenny18@ning.com
2046,true,MBR-469130,Ephrem Togwell,,etogwell19@lulu.com
2047,true,MBR-750743,Bobbette Lettson,,blettson1a@cisco.com
2048,true,MBR-159837,Morey Trayford,9009253085,mtrayford1b@go.com
2049,true,MBR-133857,Fanny Coneley,7989253198,fconeley1c@ezinearticles.com
2050,true,MBR-433226,Thurston Severy,1106148391,tsevery1d@yelp.com
2051,true,MBR-346518,Fran Prestner,,fprestner1e@squidoo.com
2052,true,MBR-087960,Elbertina Raleston,9534135585,eraleston1f@blog.com
2053,true,MBR-394489,Lissy Jankovic,5596034833,ljankovic1g@odnoklassniki.ru
2054,true,MBR-742461,Beitris Baines,,bbaines1h@wp.com
2055,true,MBR-311012,Merralee Crosser,,mcrosser1i@opensource.org
2056,true,MBR-817801,Inglebert Veillard,,iveillard1j@cdbaby.com
2057,true,MBR-451802,Elden Leeds,7509980830,eleeds1k@ibm.com
2058,true,MBR-798335,Corbin McCroary,,cmccroary1l@scientificamerican.com
2059,true,MBR-312261,Lorianne Aisbett,4134835515,laisbett1m@fc2.com
2060,true,MBR-358241,Hashim Attewill,4424811156,hattewill1n@barnesandnoble.com
2061,true,MBR-402738,Gery Gatward,8135682581,ggatward1o@npr.org
2062,true,MBR-372819,Delcina McConnel,6958151600,dmcconnel1p@sogou.com
2063,true,MBR-098672,Edwina Flatley,,eflatley1q@cbslocal.com
2064,true,MBR-519268,Retha Tummond,3495016836,rtummond1r@va.gov
2065,true,MBR-205835,Casey McKue,,cmckue1s@globo.com
2066,true,MBR-863380,Robenia Greyes,2959124662,rgreyes1t@devhub.com
2067,true,MBR-123208,Delaney Sowerbutts,5118857262,dsowerbutts1u@shop-pro.jp
2068,true,MBR-558013,Alvera Bergen,,abergen1v@discuz.net
2069,true,MBR-172388,Ricardo Latty,4171660989,rlatty1w@gov.uk
2070,true,MBR-205308,Elnar Dumphries,3248683166,edumphries1x@live.com
2071,true,MBR-144610,Rebeka Fould,,rfould1y@comcast.net
2072,true,MBR-237580,Doralynne Tenney,4263357406,dtenney1z@businessweek.com
2073,true,MBR-620596,Bernadine Brinkman,5548776233,bbrinkman20@ft.com
2074,true,MBR-822234,Nealy Biddle,,nbiddle21@usnews.com
2075,true,MBR-546311,Malorie Valois,1422258944,mvalois22@msn.com
2076,true,MBR-574169,Sondra Yakutin,4695331753,syakutin23@webnode.com
2077,true,MBR-533949,Fanchette MacAne,9548010093,fmacane24@twitter.com
2078,true,MBR-712916,Hermon Cotherill,,hcotherill25@fda.gov
2079,true,MBR-317884,Clare Shallcrass,,cshallcrass26@webeden.co.uk
2080,true,MBR-622377,Gracia Ovitts,7268274284,govitts27@imgur.com
2081,true,MBR-852362,Issi McArtan,7509082734,imcartan28@squarespace.com
2082,true,MBR-817416,Anne-corinne Gemlbett,5899493355,agemlbett29@hugedomains.com
2083,true,MBR-810550,Jemima Grece,6073677966,jgrece2a@a8.net
2084,true,MBR-618414,Reinald Ottosen,8377449518,rottosen2b@jimdo.com
2085,true,MBR-610826,Angus Kristoffersen,,akristoffersen2c@w3.org
2086,true,MBR-757069,Eleanor Impy,8866882926,eimpy2d@hp.com
2087,true,MBR-609557,Darya Penlington,9999032892,dpenlington2e@simplemachines.org
2088,true,MBR-510881,Fara Playhill,9888147015,fplayhill2f@xrea.com
2089,true,MBR-259334,Orren Alf,,oalf2g@t-online.de
2090,true,MBR-298949,Mandy Helliwell,7284267892,mhelliwell2h@usa.gov
2091,true,MBR-728113,Aeriela Galliver,,agalliver2i@webmd.com
2092,true,MBR-755477,Seka Itzkov,8127562966,sitzkov2j@ftc.gov
2093,true,MBR-462886,Christel Blofeld,5512091957,cblofeld2k@washingtonpost.com
2094,true,MBR-309529,Silvana Glossup,,sglossup2l@berkeley.edu
2095,true,MBR-139169,Barde Benedyktowicz,6467387508,bbenedyktowicz2m@comsenz.com
2096,true,MBR-624750,Libbey Ferrandez,5048130026,lferrandez2n@techcrunch.com
2097,true,MBR-716633,Evangelin Olander,,eolander2o@mtv.com
2098,true,MBR-028758,Sherye Hazzard,,shazzard2p@theguardian.com
2099,true,MBR-792732,Karlotte Benge,8613216383,kbenge2q@homestead.com
2100,true,MBR-599766,Enoch Battleson,,ebattleson2r@unesco.org
2101,true,MBR-495875,Farr enzley,5333172442,fenzley2s@nih.gov
2102,true,MBR-039595,Gabriel Puckham,6686401287,gpuckham2t@bing.com
2103,true,MBR-624718,Elva Bartolacci,1768434147,ebartolacci2u@state.tx.us
2104,true,MBR-625091,Jethro Sharphurst,9445848765,jsharphurst2v@sakura.ne.jp
2105,true,MBR-096832,Shepherd Moyse,1091235967,smoyse2w@nsw.gov.au
2106,true,MBR-627553,Olimpia Biddiss,,obiddiss2x@google.ca
2107,true,MBR-657464,James McCroary,1823688119,jmccroary2y@moonfruit.com
2108,true,MBR-680988,Orville Bythell,,obythell2z@yellowpages.com
2109,true,MBR-255575,Calida Bauer,4724508641,cbauer30@acquirethisname.com
2110,true,MBR-653855,Simeon Ehlerding,5373619587,sehlerding31@shop-pro.jp
2111,true,MBR-092251,Rodney Wilcox,,rwilcox32@accuweather.com
2112,true,MBR-428419,Nobe Blanpein,2926214260,nblanpein33@goodreads.com
2113,true,MBR-408095,Kerby Winckle,1359421958,kwinckle34@networkadvertising.org
2114,true,MBR-221120,Julianna Biasioli,,jbiasioli35@ning.com
2115,true,MBR-519181,Mikaela Bird,,mbird36@studiopress.com
2116,true,MBR-200810,Hugo Crallan,,hcrallan37@vistaprint.com
2117,true,MBR-672394,Benedicta Lehenmann,6774720323,blehenmann38@cyberchimps.com
2118,true,MBR-442506,Brose Lindberg,1011573009,blindberg39@samsung.com
2119,true,MBR-100971,Myrtie Grimwood,4376138256,mgrimwood3a@de.vu
2120,true,MBR-205304,Fenelia Zarb,5021978414,fzarb3b@sohu.com
2121,true,MBR-762027,Marlo Callister,,mcallister3c@hostgator.com
2122,true,MBR-245653,Tiff De Ruel,1862367742,tde3d@taobao.com
2123,true,MBR-623830,Anna Couser,8864717136,acouser3e@pcworld.com
2124,true,MBR-124554,Robinia Boyson,1881408631,rboyson3f@twitter.com
2125,true,MBR-535430,Patience Bissiker,2226614323,pbissiker3g@eventbrite.com
2126,true,MBR-955092,Kerk Seabourne,,kseabourne3h@blogtalkradio.com
2127,true,MBR-301401,Jack Wrack,1666028283,jwrack3i@i2i.jp
2128,true,MBR-326468,Kerry Monteith,4838380998,kmonteith3j@hatena.ne.jp
2129,true,MBR-832937,Alexa Goddman,,agoddman3k@facebook.com
2130,true,MBR-015275,Morgen Farlambe,,mfarlambe3l@irs.gov
2131,true,MBR-466633,Dean Dymott,3972542296,ddymott3m@desdev.cn
2132,true,MBR-300362,Marlane Ferrario,,mferrario3n@linkedin.com
2133,true,MBR-576493,Urbanus Ballston,3643055671,uballston3o@theatlantic.com
2134,true,MBR-345195,Harlie Danilchik,,hdanilchik3p@java.com
2135,true,MBR-347351,Gratiana Creamen,,gcreamen3q@techcrunch.com
2136,true,MBR-425297,Bernardo Lordon,7884197050,blordon3r@furl.net
2137,true,MBR-626203,Bride Philipsson,,bphilipsson3s@amazon.de
2138,true,MBR-363502,Teddy Stannus,5755206997,tstannus3t@imageshack.us
2139,true,MBR-156004,Lisle Fawdry,,lfawdry3u@examiner.com
2140,true,MBR-033235,Libby Cullinane,,lcullinane3v@google.com.br
2141,true,MBR-055970,Delly MacBain,5513857713,dmacbain3w@utexas.edu
2142,true,MBR-343531,Ingamar Ayres,9979505316,iayres3x@businesswire.com
2143,true,MBR-055822,Thurston Girardez,9974978318,tgirardez3y@ebay.com
2144,true,MBR-838164,Catarina Acreman,,cacreman3z@ed.gov
2145,true,MBR-671298,Dexter Raffeorty,3053200636,draffeorty40@weather.com
2146,true,MBR-198961,Rodrigo Zylbermann,3735267462,rzylbermann41@nhs.uk
2147,true,MBR-231911,Erin Yashnov,8363537987,eyashnov42@gmpg.org
2148,true,MBR-606565,Jerrie Deaconson,4742720921,jdeaconson43@princeton.edu
2149,true,MBR-817931,Harli Cham,9573777469,hcham44@prweb.com
2150,true,MBR-195230,Tiffi Opfer,,topfer45@soundcloud.com
2151,true,MBR-622144,Lilith Yerrington,4425918372,lyerrington46@ovh.net
2152,true,MBR-359434,Karisa Edwins,1944899693,kedwins47@jalbum.net
2153,true,MBR-377471,Zed Lowell,3721156602,zlowell48@alexa.com
2154,true,MBR-658347,Guenevere Bartoszinski,,gbartoszinski49@wiley.com
2155,true,MBR-998616,Brittaney Ablett,6889665253,bablett4a@123-reg.co.uk
2156,true,MBR-539832,Zondra Ruddle,7546102388,zruddle4b@ebay.co.uk
2157,true,MBR-786614,Halsy Dennington,9003998200,hdennington4c@4shared.com
2158,true,MBR-236830,Zachary Barszczewski,,zbarszczewski4d@google.cn
2159,true,MBR-599044,Dario Digby,,ddigby4e@facebook.com
2160,true,MBR-164721,Nani Tuckwood,2551951207,ntuckwood4f@virginia.edu
2161,true,MBR-937105,Adelaida Cohrs,9633602339,acohrs4g@intel.com
2162,true,MBR-642092,Chick Ortzen,9226376889,cortzen4h@surveymonkey.com
2163,true,MBR-450755,Willie Soane,8197818331,wsoane4i@imdb.com
2164,true,MBR-946585,Nolly Sabben,4988841751,nsabben4j@cloudflare.com
2165,true,MBR-304477,Durward Rustedge,6017229180,drustedge4k@desdev.cn
2166,true,MBR-232351,Blair Mycroft,,bmycroft4l@cbc.ca
2167,true,MBR-338052,Zebadiah Garton,5947583993,zgarton4m@biblegateway.com
2168,true,MBR-307876,Esther Le - Count,6799758422,ele4n@apache.org
2169,true,MBR-932155,Mohammed Kondratowicz,,mkondratowicz4o@wp.com
2170,true,MBR-019206,Merwyn Shay,6933477231,mshay4p@wikispaces.com
2171,true,MBR-025994,Jade Brendel,5343130272,jbrendel4q@hostgator.com
2172,true,MBR-205556,Lanita De Blasi,,lde4r@printfriendly.com
2173,true,MBR-434848,Sherill Milligan,4688103210,smilligan4s@163.com
2174,true,MBR-630027,Brynne Sauven,5345228755,bsauven4t@infoseek.co.jp
2175,true,MBR-145992,Catharine Boteman,,cboteman4u@answers.com
2176,true,MBR-160752,Dusty Jumeau,1181143237,djumeau4v@chron.com
2177,true,MBR-288913,Boote Aloway,9085285224,baloway4w@businesswire.com
2178,true,MBR-652022,Darcee Kohn,6114562607,dkohn4x@examiner.com
2179,true,MBR-578754,Bianca Epgrave,3563127068,bepgrave4y@vk.com
2180,true,MBR-091209,Frederica Fasler,9631295137,ffasler4z@umich.edu
2181,true,MBR-550682,Cecilia MacAulay,,cmacaulay50@eventbrite.com
2182,true,MBR-240043,Feodora Linning,2887508068,flinning51@networksolutions.com
2183,true,MBR-935479,Carol-jean Tuftin,2941177046,ctuftin52@edublogs.org
2184,true,MBR-846667,Dev Bossons,,dbossons53@hud.gov
2185,true,MBR-677371,Harmonia Soda,2041978618,hsoda54@newyorker.com
2186,true,MBR-950995,Elena Orrom,5164982319,eorrom55@ustream.tv
2187,true,MBR-685480,Rafferty Jorden,4038642485,rjorden56@soup.io
2188,true,MBR-847694,Lynnet Leatham,8083818460,lleatham57@e-recht24.de
2189,true,MBR-806863,Atalanta Zammitt,1169615413,azammitt58@java.com
2190,true,MBR-857705,Darrell Borman,,dborman59@nhs.uk
2191,true,MBR-174068,Bryanty Gullefant,1252266944,bgullefant5a@networkadvertising.org
2192,true,MBR-715002,Aurea Martynov,5114015479,amartynov5b@live.com
2193,true,MBR-609581,Prudi Jacquot,3465531607,pjacquot5c@printfriendly.com
2194,true,MBR-832450,Iggie Tidball,3594747242,itidball5d@themeforest.net
2195,true,MBR-394255,Johnna Jacke,3452370226,jjacke5e@oaic.gov.au
2196,true,MBR-249109,Nanni Gilpin,5431343274,ngilpin5f@spiegel.de
2197,true,MBR-284900,Henrietta Ducarel,,hducarel5g@weibo.com
2198,true,MBR-531934,Fayth Axelbey,8523145717,faxelbey5h@illinois.edu
2199,true,MBR-928755,Kimberley Rae,,krae5i@newyorker.com
2200,true,MBR-064166,Nowell Moro,4083264933,nmoro5j@google.ca
2201,true,MBR-616533,Bing Cruddace,1467823717,bcruddace5k@ucoz.ru
2202,true,MBR-111240,Kyle Harrild,,kharrild5l@ycombinator.com
2203,true,MBR-410804,Kienan Stollard,,kstollard5m@blog.com
2204,true,MBR-184762,Phineas Riguard,,priguard5n@marriott.com
2205,true,MBR-506110,Madeline Baglan,4711629468,mbaglan5o@miibeian.gov.cn
2206,true,MBR-458234,Jayme Kilminster,3796707149,jkilminster5p@walmart.com
2207,true,MBR-536877,Hillary Howles,1173141279,hhowles5q@utexas.edu
2208,true,MBR-784020,Stevena Robardley,2763459015,srobardley5r@oaic.gov.au
2209,true,MBR-298650,Robbie Atterley,,ratterley5s@typepad.com
2210,true,MBR-824106,Garey Szachniewicz,,gszachniewicz5t@hud.gov
2211,true,MBR-354070,Sander Goane,,sgoane5u@hp.com
2212,true,MBR-348518,Scarlett Rawne,3441368066,srawne5v@amazonaws.com
2213,true,MBR-418323,Beverie Lytle,2788646942,blytle5w@arizona.edu
2214,true,MBR-486928,Ania Canby,4645539541,acanby5x@chron.com
2215,true,MBR-491752,Joela Mackinder,3693328997,jmackinder5y@flickr.com
2216,true,MBR-709570,Cary Wheater,,cwheater5z@virginia.edu
2217,true,MBR-393533,Arabela Dri,,adri60@timesonline.co.uk
2218,true,MBR-546362,Anatola Stanbridge,8508198114,astanbridge61@geocities.com
2219,true,MBR-591962,Catlin Abbate,,cabbate62@state.tx.us
2220,true,MBR-099872,Jeniffer Ourry,7906619342,jourry63@census.gov
2221,true,MBR-876741,Morris Caesar,1086162238,mcaesar64@t-online.de
2222,true,MBR-577439,Kendal Willcock,,kwillcock65@usatoday.com
2223,true,MBR-907587,Arleta Kesterton,,akesterton66@umich.edu
2224,true,MBR-899256,Sonja Andreix,5673559717,sandreix67@ibm.com
2225,true,MBR-956727,Lucienne Di Roberto,,ldi68@cdc.gov
2226,true,MBR-951177,Glynn Zarfat,5154857869,gzarfat69@so-net.ne.jp
2227,true,MBR-560450,Anatol Sugars,7946858175,asugars6a@npr.org
2228,true,MBR-357143,Randal Blondelle,7464486821,rblondelle6b@desdev.cn
2229,true,MBR-183315,Herrick Crossgrove,,hcrossgrove6c@kickstarter.com
2230,true,MBR-425030,Albrecht Connah,,aconnah6d@oracle.com
2231,true,MBR-526775,Rinaldo Harp,1634764214,rharp6e@sphinn.com
2232,true,MBR-834800,Hamil Sheerin,,hsheerin6f@weebly.com
2233,true,MBR-409449,Jenilee Drewell,9649233747,jdrewell6g@opensource.org
2234,true,MBR-937796,Trenna Cayzer,,tcayzer6h@soundcloud.com
2235,true,MBR-801882,Leelah Ilsley,4285378523,lilsley6i@unicef.org
2236,true,MBR-246384,Emerson Hawkins,,ehawkins6j@walmart.com
2237,true,MBR-365503,Lenora Miroy,2338990189,lmiroy6k@naver.com
2238,true,MBR-434786,Karly Lamshead,2737779956,klamshead6l@about.com
2239,true,MBR-610251,Vanni Nettles,4558409413,vnettles6m@senate.gov
2240,true,MBR-414712,Merrile Souttar,6979412228,msouttar6n@fema.gov
2241,true,MBR-575243,Edgar Stote,,estote6o@jalbum.net
2242,true,MBR-539784,Kaye Tampion,6928568821,ktampion6p@acquirethisname.com
2243,true,MBR-841789,Theresa Okenden,2874960800,tokenden6q@oakley.com
2244,true,MBR-611639,Des Kingcott,,dkingcott6r@alexa.com
2245,true,MBR-388185,Malynda Boater,2666021728,mboater6s@cmu.edu
2246,true,MBR-180571,Dusty Wolsey,9129492070,dwolsey6t@mayoclinic.com
2247,true,MBR-859372,Rafaelita Eric,,reric6u@nih.gov
2248,true,MBR-556674,Blondie Pallin,3299912392,bpallin6v@dailymail.co.uk
2249,true,MBR-030629,Leese Radsdale,6615881282,lradsdale6w@merriam-webster.com
2250,true,MBR-041243,Kliment Piggrem,,kpiggrem6x@army.mil
